path,orig_orient,angle,reset_ok
Walkman Group Shots/023_20231123_144504.jpg,6,90,True
Walkman Group Shots/024_20231123_144511.jpg,6,90,True
Walkman Group Shots/107_20240712_081713.jpg,8,270,True
Walkman Group Shots/108_20240712_081751.jpg,6,90,True
Walkman Group Shots/109_20240712_081807.jpg,8,270,True
Walkman Group Shots/110_20240712_081916.jpg,6,90,True
crt-sony-tv/009_20250114_205133.jpg,6,90,True
crt-sony-tv/010_20250114_205145.jpg,6,90,True
wm-10/129_20240725_210352.jpg,6,90,True
wm-10/130_20240725_210358.jpg,6,90,True
wm-f18/112_20240712_085841.jpg,6,90,True
wm-f18/113_20240712_085844.jpg,6,90,True
wm-f100/174_20240906_090054.jpg,6,90,True
wm-f100/175_20240906_090136.jpg,6,90,True
wm-f100/176_20240906_090146.jpg,6,90,True
wm-f100/177_20240906_090215.jpg,3,180,True
wm-f100/178_20240906_090256.jpg,3,180,True
Slimline/096_20240422_185638.jpg,6,90,True
Slimline/097_20240422_185657.jpg,6,90,True
Slimline/159_20240817_143851.jpg,6,90,True
Slimline/161_20240817_155338.jpg,6,90,True
Slimline/163_20240817_155440.jpg,6,90,True
Slimline/164_20240817_155443.jpg,6,90,True
Slimline/165_20240817_155521.jpg,6,90,True
Slimline/166_20240817_155522.jpg,6,90,True
Slimline/167_20240817_155644.jpg,6,90,True
Slimline/168_20240817_155700.jpg,6,90,True
Slimline/169_20240818_104720.jpg,6,90,True
Slimline/171_20240818_104901.jpg,6,90,True
Slimline/172_20240820_211512.jpg,6,90,True
wm-100/173_20240820_211813.jpg,6,90,True
wm-100/182_20240906_090438.jpg,6,90,True
wm-f77/026_20231129_143345.jpg,6,90,True
wm-f77/027_20231129_143353.jpg,6,90,True
wm-f77/028_20231129_143358.jpg,6,90,True
wm-f77/030_20231129_143430.jpg,6,90,True
wm-f77/043_20231216_183849.jpg,6,90,True
wm-f77/050_20231218_142146.jpg,6,90,True
wm-f77/051_20231218_142153.jpg,6,90,True
wm-f77/052_20231218_142200.jpg,6,90,True
wm-f77/053_20231218_142210.jpg,6,90,True
wm-f77/054_20231218_142215.jpg,6,90,True
wm-f77/055_20231229_210320.jpg,6,90,True
wm-f77/058_20231230_080401.jpg,6,90,True
wm-f77/065_20240106_104253.jpg,6,90,True
wm-f77/066_20240106_104338.jpg,6,90,True
wm-f77/085_20240330_094502.jpg,6,90,True
wm-f77/086_20240330_094536.jpg,6,90,True
wm-f77/087_20240330_094624.jpg,6,90,True
wm-f77/088_20240330_094647.jpg,6,90,True
wm-f77/089_20240330_094737.jpg,6,90,True
wm-f77/196_aa3f01e6-2249-4da7-b05d-679ec5fe8d2e.jpg,6,90,True
crt-compaq/011_20250707_154051.jpg,6,90,True
crt-compaq/014_20250708_083708.jpg,6,90,True
crt-compaq/015_20250708_084048.jpg,6,90,True
crt-compaq/016_20250708_094838.jpg,6,90,True
crt-compaq/017_20250802_000524.jpg,6,90,True
crt-compaq/018_20250802_000557.jpg,6,90,True
crt-compaq/019_20250802_000731.jpg,6,90,True
crt-compaq/022_20250915_190748.jpg,6,90,True
wm-dd22/076_20240323_165854.jpg,6,90,True
wm-dd22/078_20240323_170015.jpg,6,90,True
wm-dd22/079_20240323_170025.jpg,6,90,True
wm-dd22/080_20240323_170045.jpg,6,90,True
wm-dd22/081_20240323_170047.jpg,6,90,True
wm-dd22/082_20240323_170109.jpg,6,90,True
wm-dd22/083_20240323_170144.jpg,6,90,True
wm-dd22/189_4696badb-10e8-47f7-9dcb-2edfa47e5de4.jpg,6,90,True
wm-dd22/197_fee12b6d-052e-4937-b132-7698d1141034.jpg,6,90,True
